{"model_name": "extra_trees_model", "model_uid": "30bde8ca623641449f442d4ebbacfcb9", "training_time": "10:37:57", "training_date": "2023-12-09", "classification_report": {"0": {"precision": 0.9818011392313793, "recall": 0.9958896495231409, "f1-score": 0.9887952130942785, "support": 68364}, "1": {"precision": 0.8151315789473684, "recall": 0.49540183926429426, "f1-score": 0.616264610793335, "support": 2501}, "accuracy": 0.978226204755521, "macro avg": {"precision": 0.8984663590893739, "recall": 0.7456457443937176, "f1-score": 0.8025299119438067, "support": 70865}, "weighted avg": {"precision": 0.9759189608602468, "recall": 0.978226204755521, "f1-score": 0.9756476926489999, "support": 70865}}}